Block,Block_aov,Rep,Line,Ara,Treatment,Treatment2,Time,Red0,White0,Red1,White1,lnR.0.1.,lnW.0.1.,FitnessR.0.1.,FitnessW.0.1.,Fitness,LnFitness
1,1,1,m1,m,Clone,Clone,0,97,129,66,426,4.22011395,5.799797128,0.727631304,1.374322399,0.727631304,-0.138088625
2,2,1,m1,m,Clone,Clone,0,232,362,68,479,3.377940519,4.885226572,0.691460359,1.446214504,0.691460359,-0.160232713
3,3,1,m1,m,Clone,Clone,0,76,125,38,256,3.912023005,5.322033893,0.735061648,1.360430111,0.735061648,-0.133676236
1,1,1,p2,p,Clone,Clone,0,188,83,447,78,5.471286818,4.543038405,1.204323259,0.830341848,0.830341848,-0.080743074
2,2,1,p2,p,Clone,Clone,0,412,181,408,69,4.595414011,3.640779659,1.262206022,0.79226369,0.79226369,-0.101130248
3,3,1,p2,p,Clone,Clone,0,185,105,388,55,5.345819701,3.958543021,1.350451333,0.740493178,0.740493178,-0.130478938
1,1,1,m4,m,Clone,Clone,0,31,122,6,537,2.962942451,6.087147236,0.486753866,2.054426415,0.486753866,-0.31269059
2,2,1,m4,m,Clone,Clone,0,36,372,15,451,3.729701449,4.797743671,0.77738656,1.286361318,0.77738656,-0.109362972
4,4,1,m4,m,Clone,Clone,0,44,142,11,287,3.218875825,5.308825344,0.606325433,1.649279324,0.606325433,-0.217294215
1,1,1,m5,m,Clone,Clone,0,171,100,92,465,3.985295207,6.142037406,0.648855574,1.541175016,0.648855574,-0.18785196
2,2,1,m5,m,Clone,Clone,0,263,404,64,403,3.191899237,4.60269187,0.693485318,1.441991594,0.693485318,-0.158962729
3,3,1,m5,m,Clone,Clone,0,102,128,45,330,3.786859862,5.552232577,0.68204273,1.466183798,0.68204273,-0.166188416
1,1,1,p5,p,Clone,Clone,0,165,138,452,103,5.612906892,4.312645489,1.301499719,0.768344384,0.768344384,-0.114444079
2,2,1,p5,p,Clone,Clone,0,441,285,455,77,4.636422729,3.296486428,1.406474084,0.710997814,0.710997814,-0.148131734
3,3,1,p5,p,Clone,Clone,0,169,160,331,66,5.277389846,3.719651113,1.418786248,0.704827807,0.704827807,-0.15191697
1,1,1,m6,m,Clone,Clone,0,67,144,17,508,3.233690911,5.865838334,0.551275151,1.813976195,0.551275151,-0.258631583
2,2,1,m6,m,Clone,Clone,0,67,367,16,486,3.173066289,4.886016962,0.64941778,1.539840809,0.64941778,-0.187475825
3,3,1,m6,m,Clone,Clone,0,69,153,32,427,3.836799584,5.631516278,0.681308443,1.467763993,0.681308443,-0.166656229
1,1,1,m1,m,Population,Population,0,162,121,50,465,3.429596856,5.951417046,0.57626559,1.73531097,0.57626559,-0.239377312
2,2,1,m1,m,Population,Population,0,201,390,38,528,2.939451438,4.908119731,0.598895626,1.66974003,0.598895626,-0.222648859
3,3,1,m1,m,Population,Population,0,82,120,24,374,3.376504769,5.741934241,0.588043093,1.700555644,0.588043093,-0.230590847
1,1,1,p2,p,Population,Population,0,181,109,469,59,5.557275923,3.991359748,1.392326494,0.718222345,0.718222345,-0.143741087
2,2,1,p2,p,Population,Population,0,405,112,394,70,4.577634028,4.135166557,1.107001124,0.903341449,0.903341449,-0.044148062
3,3,1,p2,p,Population,Population,0,146,45,513,47,5.861839409,4.648655298,1.260975279,0.793036959,0.793036959,-0.100706572
1,1,1,m4,m,Population,Population,0,49,149,13,471,3.278299245,5.756081974,0.569536581,1.75581347,0.569536581,-0.244478376
3,3,1,m4,m,Population,Population,0,32,140,10,439,3.442019376,5.748027176,0.59881752,1.669957821,0.59881752,-0.222705502
4,4,1,m4,m,Population,Population,0,37,99,25,231,4.213128098,5.452468046,0.772701108,1.294161468,0.772701108,-0.111988465
1,1,1,m5,m,Population,Population,0,92,104,72,448,4.360047728,6.065572519,0.718818828,1.391171129,0.718818828,-0.143380556
2,2,1,m5,m,Population,Population,0,176,374,43,423,3.195886307,4.728286568,0.675907913,1.479491482,0.675907913,-0.170112469
3,3,1,m5,m,Population,Population,0,70,124,50,479,4.268697949,5.956589218,0.716634603,1.395411268,0.716634603,-0.144702226
1,1,1,p5,p,Population,Population,0,185,64,458,118,5.511683545,5.216971727,1.056490975,0.946529619,0.946529619,-0.023865791
2,2,1,p5,p,Population,Population,0,462,151,445,99,4.567679577,4.183010199,1.091959943,0.915784509,0.915784509,-0.038206707
3,3,1,p5,p,Population,Population,0,117,85,443,119,5.936566021,4.941642423,1.2013346,0.832407558,0.832407558,-0.079663985
1,1,1,m6,m,Population,Population,0,99,124,38,565,3.647636496,6.121714352,0.595852123,1.678268753,0.595852123,-0.224861509
2,2,1,m6,m,Population,Population,0,113,365,34,616,3.404142892,5.128519796,0.663767135,1.506552445,0.663767135,-0.177984255
3,3,1,m6,m,Population,Population,0,104,106,23,449,3.096273503,6.04875398,0.511886169,1.953559327,0.511886169,-0.290826605
1,1,1,m1,m,Mixed-Clones,Clone,0,126,159,57,457,3.811939547,5.660949375,0.673374605,1.48505749,0.673374605,-0.171743266
2,2,1,m1,m,Mixed-Clones,Clone,0,212,393,52,535,3.19982763,4.913627321,0.651214962,1.535591253,0.651214962,-0.18627563
3,3,1,m1,m,Mixed-Clones,Clone,0,24,71,56,489,5.452468046,6.534852798,0.834367386,1.19851281,0.834367386,-0.07864268
1,1,1,p2,p,Mixed-Clones,Clone,0,212,78,506,59,5.475120581,4.325998803,1.265631552,0.790119366,0.790119366,-0.102307293
2,2,1,p2,p,Mixed-Clones,Clone,0,450,180,514,76,4.738145869,3.742946675,1.265886554,0.789960204,0.789960204,-0.102394787
3,3,1,p2,p,Mixed-Clones,Clone,0,154,62,493,58,5.768726758,4.538478811,1.27107055,0.786738392,0.786738392,-0.104169656
3,3,2,m4,m,Clone,Clone,0,29,188,23,206,4.373368572,4.696604392,0.931176699,1.073910034,0.931176699,-0.0309679
4,4,2,m4,m,Clone,Clone,0,45,139,5,369,2.407945609,5.581492897,0.431416048,2.317948079,0.431416048,-0.365103704
7,7,2,m4,m,Clone,Clone,0,41,215,9,576,3.088822697,5.590639819,0.552498962,1.809958152,0.552498962,-0.257668534
1,1,1,m5,m,Mixed-Clones,Clone,0,108,137,90,390,4.422848629,5.651335999,0.782620009,1.277759307,0.782620009,-0.106449053
2,2,1,m5,m,Mixed-Clones,Clone,0,178,433,74,398,3.727451729,4.520884463,0.824496127,1.212861974,0.824496127,-0.08381138
3,3,1,m5,m,Mixed-Clones,Clone,0,122,128,118,357,4.571833766,5.630875704,0.811922338,1.231644892,0.811922338,-0.09048551
1,1,1,p5,p,Mixed-Clones,Clone,0,199,95,483,72,5.491882015,4.327959413,1.268931034,0.788064893,0.788064893,-0.103438019
2,2,1,p5,p,Mixed-Clones,Clone,0,472,185,395,56,4.427076965,3.410166052,1.298199823,0.77029744,0.77029744,-0.113341546
3,3,1,p5,p,Mixed-Clones,Clone,0,193,75,503,90,5.563070167,4.787491743,1.162000995,0.860584461,0.860584461,-0.0652065
1,1,1,m6,m,Mixed-Clones,Clone,0,89,118,41,508,3.830105883,6.064967009,0.631513061,1.583498523,0.631513061,-0.199617663
2,2,1,m6,m,Mixed-Clones,Clone,0,72,422,22,434,3.41954652,4.633209406,0.738051364,1.35491925,0.738051364,-0.131913413
3,3,1,m6,m,Mixed-Clones,Clone,0,55,95,19,330,3.54227598,5.850385949,0.605477316,1.651589538,0.605477316,-0.217902123
1,1,1,m1,m,Mixed-Populations,Population,0,172,149,41,416,3.171247776,5.63190914,0.563085749,1.775928448,0.563085749,-0.249425464
2,2,1,m1,m,Mixed-Populations,Population,0,156,267,45,577,3.361976669,5.375763794,0.625395162,1.598989025,0.625395162,-0.203845483
3,3,1,m1,m,Mixed-Populations,Population,0,88,107,45,443,3.934495861,6.025911122,0.65292962,1.531558638,0.65292962,-0.185133629
1,1,1,p2,p,Mixed-Populations,Population,0,192,60,497,53,5.55626484,4.481117537,1.239928387,0.80649819,0.80649819,-0.093396603
2,2,1,p2,p,Mixed-Populations,Population,0,477,173,480,56,4.611439799,3.477230282,1.326181882,0.754044384,0.754044384,-0.12260309
3,3,1,p2,p,Mixed-Populations,Population,0,141,38,355,38,5.528528085,4.605170186,1.20050462,0.83298305,0.83298305,-0.079363836
1,1,1,m4,m,Mixed-Populations,Population,0,20,146,7,505,3.555348061,5.846121994,0.608154956,1.644317769,0.608154956,-0.21598575
3,3,1,m4,m,Mixed-Populations,Population,0,24,108,13,401,3.992065713,5.917000386,0.674677278,1.482190127,0.674677278,-0.170903916
4,4,1,m4,m,Mixed-Populations,Population,0,45,141,12,166,3.283414346,4.768398084,0.688578069,1.452268152,0.688578069,-0.162046813
1,1,1,m5,m,Mixed-Populations,Population,0,107,126,51,472,3.864166984,5.925867265,0.652084634,1.533543268,0.652084634,-0.185696034
2,2,1,m5,m,Mixed-Populations,Population,0,195,405,57,498,3.375221895,4.811883196,0.70143471,1.425649437,0.70143471,-0.154012747
3,3,1,m5,m,Mixed-Populations,Population,0,54,93,58,552,4.67662915,6.386118739,0.73231165,1.365538839,0.73231165,-0.135304057
1,1,1,p5,p,Mixed-Populations,Population,0,209,128,379,68,5.200372139,3.972647627,1.309044402,0.763916028,0.763916028,-0.116954378
2,2,1,p5,p,Mixed-Populations,Population,0,417,137,349,90,4.427155886,4.18499893,1.057863087,0.945301913,0.945301913,-0.024429463
3,3,1,p5,p,Mixed-Populations,Population,0,165,45,379,137,5.436760917,5.718488622,0.950733887,1.051819035,1.051819035,0.021941026
1,1,1,m6,m,Mixed-Populations,Population,0,105,121,31,577,3.38519704,6.167221907,0.548901449,1.82182066,0.548901449,-0.260505623
2,2,1,m6,m,Mixed-Populations,Population,0,147,418,19,573,2.559176578,4.92057447,0.520097113,1.922717843,0.520097113,-0.283915557
3,3,1,m6,m,Mixed-Populations,Population,0,70,111,7,377,2.302585093,5.827885172,0.395097883,2.531018371,0.395097883,-0.403295298
1,1,2,m1,m,Clone,Clone,0,151,280,43,222,3.349090465,4.373057965,0.765846346,1.305744951,0.765846346,-0.115858355
2,2,2,m1,m,Clone,Clone,0,102,349,32,189,3.445933276,3.991845279,0.863243196,1.158422105,0.863243196,-0.063866836
3,3,2,m1,m,Clone,Clone,0,89,185,22,175,3.20757627,4.549600335,0.705023746,1.418391942,0.705023746,-0.151796255
1,1,2,p2,p,Clone,Clone,0,288,112,212,11,4.298795981,2.284566587,1.881668061,0.531443362,0.531443362,-0.274543013
2,2,2,p2,p,Clone,Clone,0,348,108,236,22,4.216799511,3.014081412,1.39903305,0.714779397,0.714779397,-0.145827974
3,3,2,p2,p,Clone,Clone,0,196,102,172,20,4.474550004,2.975929646,1.503580573,0.66507909,0.66507909,-0.177126706
1,1,3,m4,m,Clone,Clone,0,44,452,7,492,2.766890701,4.689966723,0.589959559,1.695031438,0.589959559,-0.229177757
3,3,3,m4,m,Clone,Clone,0,19,207,9,466,3.857955784,5.416637027,0.712241888,1.404017394,0.712241888,-0.147372488
7,7,3,m4,m,Clone,Clone,0,28,219,5,538,2.882403588,5.503957016,0.523696602,1.909502555,0.523696602,-0.280920244
1,1,2,m5,m,Clone,Clone,0,17,48,57,279,5.81500811,6.365180957,0.913565246,1.094612567,0.913565246,-0.03926043
2,2,2,m5,m,Clone,Clone,0,155,311,34,165,3.088105594,3.971322748,0.777601265,1.286006138,0.777601265,-0.109243041
3,3,2,m5,m,Clone,Clone,0,86,153,62,206,4.277957275,4.902608433,0.872587997,1.146016222,0.872587997,-0.059190765
1,1,2,p5,p,Clone,Clone,0,268,112,278,61,4.641804319,3.997545179,1.161163692,0.861205019,0.861205019,-0.064893448
2,2,2,p5,p,Clone,Clone,0,350,93,186,17,3.972983705,2.905784037,1.367267373,0.731385843,0.731385843,-0.13585345
3,3,2,p5,p,Clone,Clone,0,252,137,164,27,4.175607526,2.981026126,1.400728256,0.713914348,0.713914348,-0.146353889
1,1,2,m6,m,Clone,Clone,0,29,210,18,385,4.128246114,5.21130599,0.792171122,1.262353514,0.792171122,-0.101180993
2,2,2,m6,m,Clone,Clone,0,67,383,19,612,3.344916546,5.073867479,0.659243971,1.516889109,0.659243971,-0.180953833
3,3,2,m6,m,Clone,Clone,0,74,177,7,212,2.247015242,4.785606728,0.469536126,2.129761578,0.469536126,-0.328330988
1,1,2,m1,m,Population,Population,0,144,369,28,212,2.967561397,4.050959817,0.732557599,1.365080372,0.732557599,-0.135158222
2,2,2,m1,m,Population,Population,0,114,297,15,201,2.577021939,4.214742955,0.611430392,1.635509148,0.611430392,-0.213652978
3,3,2,m1,m,Population,Population,0,109,210,29,210,3.281118134,4.605170186,0.71248575,1.403536843,0.71248575,-0.147223817
1,1,2,p2,p,Population,Population,0,310,134,231,29,4.311015599,3.074626216,1.402126729,0.713202294,0.713202294,-0.146787268
2,2,2,p2,p,Population,Population,0,339,65,239,19,4.255633631,3.375221895,1.260845587,0.793118531,0.793118531,-0.100661903
3,3,2,p2,p,Population,Population,0,200,102,210,24,4.65396035,3.158251203,1.473587771,0.678615838,0.678615838,-0.168376009
1,1,2,m4,m,Population,Population,0,44,298,37,476,4.431898465,5.073494554,0.873539612,1.144767777,0.873539612,-0.058717396
2,2,2,m4,m,Population,Population,0,38,355,13,209,3.532533384,4.075386648,0.866797114,1.153672508,0.866797114,-0.062082544
3,3,2,m4,m,Population,Population,0,34,223,16,184,3.851398384,4.412934172,0.872752285,1.145800494,0.872752285,-0.059109005
7,7,2,m5,m,Population,Population,0,101,201,48,476,3.86125068,5.467283132,0.706246702,1.415935816,0.706246702,-0.151043567
2,2,2,m5,m,Population,Population,0,90,313,22,243,3.196402969,4.352028439,0.734462795,1.361539356,0.734462795,-0.134030199
3,3,2,m5,m,Population,Population,0,96,147,19,159,2.985260974,4.683641801,0.637380291,1.568922062,0.637380291,-0.19560137
2,2,2,p5,p,Population,Population,0,363,108,153,49,3.741205273,3.814859257,0.98069287,1.019687234,1.019687234,0.008466982
3,3,2,p5,p,Population,Population,0,238,140,187,41,4.364008129,3.37709983,1.292235453,0.773852782,0.773852782,-0.111341652
4,4,2,p5,p,Population,Population,0,111,73,214,64,5.261616,4.473593828,1.176149691,0.850231911,0.850231911,-0.070462599
1,1,2,m6,m,Population,Population,0,61,194,16,349,3.266885044,5.192383949,0.62916862,1.589399039,0.62916862,-0.201232946
2,2,2,m6,m,Population,Population,0,60,321,6,269,2.302585093,4.428440442,0.519953948,1.923247248,0.519953948,-0.28403512
3,3,2,m6,m,Population,Population,0,115,193,10,221,2.162823151,4.740642699,0.456229944,2.191877176,0.456229944,-0.340816214
1,1,2,m1,m,Mixed-Clones,Clone,0,86,205,19,228,3.095261869,4.711505836,0.656958089,1.522167117,0.656958089,-0.182462336
2,2,2,m1,m,Mixed-Clones,Clone,0,99,348,37,241,3.620968248,4.23776464,0.854452419,1.170340182,0.854452419,-0.068312116
3,3,2,m1,m,Mixed-Clones,Clone,0,83,199,29,175,3.553625408,4.476651335,0.793813309,1.259742044,0.793813309,-0.100281624
1,1,2,p2,p,Mixed-Clones,Clone,0,181,95,280,44,5.041462758,3.835482928,1.314427114,0.760787714,0.760787714,-0.118736509
2,2,2,p2,p,Mixed-Clones,Clone,0,310,71,264,19,4.444546992,3.286929288,1.352188198,0.739542026,0.739542026,-0.131037141
3,3,2,p2,p,Mixed-Clones,Clone,0,243,101,191,14,4.364382171,2.629106999,1.660024553,0.602400728,0.602400728,-0.220114512
1,1,1,m4,m,Mixed-Clones,Clone,0,31,112,10,561,3.473768074,6.21639222,0.558807738,1.789524253,0.558807738,-0.252737589
2,2,1,m4,m,Mixed-Clones,Clone,0,26,445,22,478,4.438116101,4.676706636,0.948983215,1.053759417,0.948983215,-0.022741469
3,3,1,m4,m,Mixed-Clones,Clone,0,23,124,5,513,3.079113882,6.025164466,0.511042296,1.956785197,0.511042296,-0.291543154
1,1,2,m5,m,Mixed-Clones,Clone,0,119,267,63,346,3.969181419,4.864360303,0.815971921,1.225532368,0.815971921,-0.088324786
2,2,2,m5,m,Mixed-Clones,Clone,0,112,310,27,287,3.182508181,4.528080104,0.702838313,1.422802346,0.702838313,-0.153144572
3,3,2,m5,m,Mixed-Clones,Clone,0,149,218,35,182,3.156571942,4.42468181,0.71340089,1.401736407,0.71340089,-0.146666353
1,1,2,p5,p,Mixed-Clones,Clone,0,118,82,296,45,5.524845016,4.005113428,1.379447827,0.724927743,0.724927743,-0.139705279
2,2,2,p5,p,Mixed-Clones,Clone,0,304,103,344,54,4.728784142,3.959425244,1.194310752,0.83730302,0.83730302,-0.077117342
3,3,2,p5,p,Mixed-Clones,Clone,0,253,145,186,16,4.297527371,2.401025166,1.789871856,0.558699214,0.558699214,-0.252821939
1,1,2,m6,m,Mixed-Clones,Clone,0,64,183,34,414,3.972647627,5.421550007,0.732751265,1.364719581,0.732751265,-0.135043423
2,2,2,m6,m,Mixed-Clones,Clone,0,59,269,15,318,3.235682943,4.772510189,0.677983454,1.474962248,0.677983454,-0.168780905
3,3,2,m6,m,Mixed-Clones,Clone,0,61,131,12,188,2.979202972,4.966414826,0.599869942,1.667028018,0.599869942,-0.221942899
1,1,2,m1,m,Mixed-Populations,Population,0,128,313,25,258,2.972015747,4.41192658,0.673632186,1.484489638,0.673632186,-0.17157717
2,2,2,m1,m,Mixed-Populations,Population,0,123,311,17,294,2.626199175,4.548957041,0.577318966,1.732144723,0.577318966,-0.238584175
3,3,2,m1,m,Mixed-Populations,Population,0,152,190,28,180,2.913494175,4.551102965,0.640173206,1.562077248,0.640173206,-0.193702507
1,1,2,p2,p,Mixed-Populations,Population,0,254,113,342,48,4.902646656,3.748983378,1.307726965,0.764685616,0.764685616,-0.116517079
2,2,2,p2,p,Mixed-Populations,Population,0,367,108,281,31,4.338163007,3.357026163,1.292263687,0.773835874,0.773835874,-0.111351141
3,3,2,p2,p,Mixed-Populations,Population,0,249,109,174,42,4.246772589,3.651491922,1.163023958,0.859827515,0.859827515,-0.065588661
1,1,2,m4,m,Mixed-Populations,Population,0,40,228,6,378,2.708050201,5.110718753,0.529876585,1.88723191,0.529876585,-0.275825271
2,2,2,m4,m,Mixed-Populations,Population,0,16,382,16,304,4.605170186,4.376777279,1.052182895,0.95040511,1.052182895,0.022091237
3,3,2,m4,m,Mixed-Populations,Population,0,32,190,12,169,3.624340933,4.488044829,0.80755453,1.238306471,0.80755453,-0.092828142
1,1,2,m5,m,Mixed-Populations,Population,0,111,189,56,334,3.920991675,5.174564164,0.757743368,1.319708021,0.757743368,-0.120477856
2,2,2,m5,m,Mixed-Populations,Population,0,127,309,45,331,3.567645589,4.673947284,0.763304627,1.310092936,0.763304627,-0.117302105
3,3,2,m5,m,Mixed-Populations,Population,0,145,181,29,175,2.995732274,4.571459129,0.655312054,1.525990546,0.655312054,-0.183551843
1,1,2,p5,p,Mixed-Populations,Population,0,198,117,310,132,5.053475453,4.725798174,1.069337976,0.935158035,0.935158035,-0.02911499
2,2,2,p5,p,Mixed-Populations,Population,0,390,90,318,54,4.40107483,4.094344562,1.074915597,0.9303056,0.9303056,-0.031374365
3,3,2,p5,p,Mixed-Populations,Population,0,213,96,150,51,4.254513314,3.972647627,1.070951595,0.933749018,0.933749018,-0.029769842
1,1,2,m6,m,Mixed-Populations,Population,0,79,219,16,468,3.008311056,5.364566752,0.56077428,1.783248691,0.56077428,-0.251211914
2,2,2,m6,m,Mixed-Populations,Population,0,67,374,13,306,2.965426924,4.404499491,0.673272169,1.485283436,0.673272169,-0.171809338
3,3,2,m6,m,Mixed-Populations,Population,0,120,200,11,215,2.215573716,4.677490848,0.473667141,2.11118719,0.473667141,-0.324526742
1,1,3,m1,m,Clone,Clone,0,125,393,66,507,3.966511191,4.859871578,0.816176133,1.225225732,0.816176133,-0.088216109
2,2,3,m1,m,Clone,Clone,0,94,189,27,204,3.35771227,4.681543165,0.717223392,1.394265735,0.717223392,-0.144345554
3,3,3,m1,m,Clone,Clone,0,34,242,20,206,4.074541935,4.444108629,0.916841211,1.090701409,0.916841211,-0.037705874
1,1,3,p2,p,Clone,Clone,0,382,145,599,90,5.055011175,4.128246114,1.224493656,0.816664092,0.816664092,-0.087956539
2,2,3,p2,p,Clone,Clone,0,248,75,199,16,4.385046265,3.060270795,1.432894851,0.697887915,0.697887915,-0.156214322
3,3,3,p2,p,Clone,Clone,0,143,33,370,32,5.555828561,4.574398527,1.214548433,0.823351275,0.823351275,-0.084414838
2,2,2,m4,m,Mixed-Clones,Clone,0,20,200,5,292,3.218875825,4.983606622,0.645892838,1.548244447,0.645892838,-0.189839531
3,3,2,m4,m,Mixed-Clones,Clone,0,33,208,18,195,3.999034382,4.540631665,0.88072204,1.135432014,0.88072204,-0.055161135
5,4,2,m4,m,Mixed-Clones,Clone,0,61,117,9,243,2.691520899,5.336057695,0.504402511,1.98254366,0.504402511,-0.29722276
1,1,3,m5,m,Clone,Clone,0,228,365,67,480,3.380517176,4.879058936,0.692862542,1.443287722,0.692862542,-0.159352917
2,2,3,m5,m,Clone,Clone,0,131,227,14,221,2.369030192,4.57838287,0.5174382,1.93259794,0.5174382,-0.286141512
3,3,3,m5,m,Clone,Clone,0,36,155,27,459,4.317488114,5.690795279,0.758679218,1.318080127,0.758679218,-0.119941812
1,1,3,p5,p,Clone,Clone,0,406,198,560,78,4.92675381,3.673611982,1.341119812,0.745645535,0.745645535,-0.127467578
2,2,3,p5,p,Clone,Clone,0,247,115,142,27,4.051608907,3.156074924,1.283749279,0.778968305,0.778968305,-0.108480213
3,3,3,p5,p,Clone,Clone,0,182,101,357,23,5.278899281,3.125543885,1.688953819,0.5920825,0.5920825,-0.227617775
1,1,3,m6,m,Clone,Clone,0,83,463,23,636,3.321823794,4.922641695,0.674805115,1.481909337,0.674805115,-0.170821634
2,2,3,m6,m,Clone,Clone,0,50,227,11,188,3.091042453,4.416662131,0.699859387,1.428858451,0.699859387,-0.154989208
3,3,3,m6,m,Clone,Clone,0,52,209,14,358,3.292983797,5.14336892,0.640238693,1.56191747,0.640238693,-0.193658082
1,1,3,m1,m,Population,Population,0,194,390,39,438,3.000873673,4.721242357,0.635611021,1.573289272,0.635611021,-0.196808581
2,2,3,m1,m,Population,Population,0,157,202,8,154,1.628365922,4.333855091,0.375731511,2.661474937,0.375731511,-0.425122381
3,3,3,m1,m,Population,Population,0,43,201,26,347,4.102066608,5.151190058,0.796333772,1.255754855,0.796333772,-0.098904866
1,1,3,p2,p,Population,Population,0,427,135,417,46,4.581472395,3.528536804,1.298405727,0.770175284,0.770175284,-0.113410422
2,2,3,p2,p,Population,Population,0,268,67,182,10,4.218189893,2.70306266,1.560522424,0.640811042,0.640811042,-0.193270014
3,3,3,p2,p,Population,Population,0,185,26,573,39,5.735700078,5.010635294,1.14470516,0.873587396,0.873587396,-0.058693641
1,1,3,m4,m,Population,Population,0,49,435,6,439,2.505109357,4.614323568,0.542898503,1.841964925,0.542898503,-0.265281356
3,3,3,m4,m,Population,Population,0,21,201,6,486,3.352407217,5.488073902,0.610853148,1.637054673,0.610853148,-0.214063184
4,4,3,m4,m,Population,Population,0,40,124,10,212,3.218875825,5.141474895,0.626060788,1.597288984,0.626060788,-0.203383496
1,1,3,m5,m,Population,Population,0,171,426,37,342,3.074424542,4.385541577,0.70103646,1.426459331,0.70103646,-0.154259394
2,2,3,m5,m,Population,Population,0,143,202,9,139,1.839550133,4.231376422,0.434740366,2.300223487,0.434740366,-0.361770034
3,3,3,m5,m,Population,Population,0,63,247,42,513,4.199705078,5.336057695,0.787042667,1.270579147,0.787042667,-0.104001723
1,1,3,p5,p,Population,Population,0,410,121,399,99,4.577974443,4.404499491,1.039385849,0.962106614,0.962106614,-0.0167768
2,2,3,p5,p,Population,Population,0,251,155,130,92,3.947251697,4.083533646,0.966626466,1.034525781,1.034525781,0.014741318
3,3,3,p5,p,Population,Population,0,156,54,473,107,5.714409567,5.289014974,1.080429833,0.92555756,0.92555756,-0.033596568
1,1,3,m6,m,Population,Population,0,116,402,28,588,3.183784505,4.985445045,0.638615906,1.565886459,0.638615906,-0.194760269
2,2,3,m6,m,Population,Population,0,93,218,17,179,2.905784037,4.408060929,0.659197793,1.51699537,0.659197793,-0.180984255
3,3,3,m6,m,Population,Population,0,42,248,10,513,3.170085661,5.332017285,0.594537769,1.681978929,0.594537769,-0.225820551
1,1,3,m1,m,Mixed-Clones,Clone,0,122,419,48,508,3.672350152,4.797780714,0.765426844,1.306460581,0.765426844,-0.116096311
2,2,3,m1,m,Mixed-Clones,Clone,0,126,217,28,215,3.101092789,4.595910861,0.674750421,1.482029456,0.674750421,-0.170856836
3,3,3,m1,m,Mixed-Clones,Clone,0,79,191,31,428,3.669709538,5.412019954,0.67806652,1.474781559,0.67806652,-0.168727698
1,1,3,p2,p,Mixed-Clones,Clone,0,374,140,596,73,5.071155056,3.953987205,1.282542101,0.7797015,0.7797015,-0.10807163
2,2,3,p2,p,Mixed-Clones,Clone,0,250,104,188,10,4.320151231,2.26336438,1.908729884,0.523908599,0.523908599,-0.280744473
3,3,3,p2,p,Mixed-Clones,Clone,0,169,8,436,23,5.552913714,5.66122286,0.980868242,1.019504921,1.019504921,0.008389327
2,2,3,m4,m,Mixed-Clones,Clone,0,45,175,13,218,3.363457054,4.824879275,0.697106987,1.434500039,0.697106987,-0.156700564
4,4,3,m4,m,Mixed-Clones,Clone,0,42,150,6,202,2.659260037,4.902802589,0.542395903,1.843671744,0.542395903,-0.2656836
5,5,3,m4,m,Mixed-Clones,Clone,0,60,137,16,235,3.283414346,5.144774774,0.63820371,1.566897818,0.63820371,-0.195040676
1,1,3,m5,m,Mixed-Clones,Clone,0,153,348,51,493,3.506557897,4.95347688,0.707898307,1.412632281,0.707898307,-0.150029126
2,2,3,m5,m,Mixed-Clones,Clone,0,143,198,47,169,3.492473157,4.44680187,0.785389873,1.273252984,0.785389873,-0.104914703
3,3,3,m5,m,Mixed-Clones,Clone,0,42,211,36,509,4.451019506,5.485760069,0.811376992,1.232472709,0.811376992,-0.090777311
1,1,3,p5,p,Mixed-Clones,Clone,0,373,186,511,75,4.919961357,3.696911626,1.330830124,0.751410704,0.751410704,-0.124122623
2,2,3,p5,p,Mixed-Clones,Clone,0,278,179,268,35,4.568536053,2.973132442,1.536606977,0.650784498,0.650784498,-0.186562801
3,3,3,p5,p,Mixed-Clones,Clone,0,164,81,401,47,5.499265185,4.060868633,1.354209082,0.738438409,0.738438409,-0.131685722
1,1,3,m6,m,Mixed-Clones,Clone,0,75,356,29,620,3.654977902,5.159958933,0.708334688,1.411762005,0.708334688,-0.14976149
2,2,3,m6,m,Mixed-Clones,Clone,0,47,167,10,207,3.057607677,4.819895167,0.634372237,1.576361547,0.634372237,-0.197655832
3,3,3,m6,m,Mixed-Clones,Clone,0,43,180,15,456,3.552020271,5.534706145,0.641772152,1.558185405,0.641772152,-0.192619132
1,1,3,m1,m,Mixed-Populations,Population,0,200,373,49,591,3.198673118,5.065407784,0.631473961,1.583596572,0.631473961,-0.199644553
2,2,3,m1,m,Mixed-Populations,Population,0,125,213,25,207,2.995732274,4.576596814,0.654576402,1.527705548,0.654576402,-0.184039656
3,3,3,m1,m,Mixed-Populations,Population,0,106,269,45,322,3.748393582,4.785010352,0.783361645,1.276549607,0.783361645,-0.106037696
1,1,3,p2,p,Mixed-Populations,Population,0,336,113,551,84,5.099793835,4.308599166,1.183631533,0.844857519,0.844857519,-0.073216527
2,2,3,p2,p,Mixed-Populations,Population,0,261,76,214,28,4.406625794,3.606641356,1.221808702,0.818458731,0.818458731,-0.087003214
3,3,3,p2,p,Mixed-Populations,Population,0,223,40,451,17,5.309465754,3.749504076,1.416044801,0.706192346,0.706192346,-0.151076994
1,1,3,m4,m,Mixed-Populations,Population,0,52,371,5,587,2.26336438,5.063992943,0.446952515,2.237374145,0.446952515,-0.349738615
2,2,3,m4,m,Mixed-Populations,Population,0,57,223,5,233,2.171556831,4.649036868,0.467098217,2.140877366,0.467098217,-0.330591791
3,3,3,m4,m,Mixed-Populations,Population,0,17,208,42,387,5.50962646,5.226056799,1.054260731,0.948531963,1.054260731,0.02294803
1,1,3,m5,m,Mixed-Populations,Population,0,123,298,52,560,3.744229549,5.236013483,0.715091655,1.398422136,0.715091655,-0.14563829
2,2,3,m5,m,Mixed-Populations,Population,0,119,212,13,216,2.39099605,4.623862319,0.517099318,1.933864474,0.517099318,-0.286426035
3,3,3,m5,m,Mixed-Populations,Population,0,111,249,19,402,2.840078964,5.084169378,0.558612185,1.790150712,0.558612185,-0.252889595
1,1,3,p5,p,Mixed-Populations,Population,0,397,100,522,100,4.878901493,4.605170186,1.059439998,0.94389489,0.94389489,-0.025076365
2,2,3,p5,p,Mixed-Populations,Population,0,266,109,178,50,4.203457427,3.825845309,1.09870031,0.910166304,0.910166304,-0.040879247
3,3,3,p5,p,Mixed-Populations,Population,0,248,63,420,51,5.131996151,4.393861092,1.167992352,0.85616999,0.85616999,-0.067439999
1,1,3,m6,m,Mixed-Populations,Population,0,82,367,25,747,3.417326764,5.315873523,0.642853286,1.555564888,0.642853286,-0.191888132
2,2,3,m6,m,Mixed-Populations,Population,0,97,194,8,205,2.109900749,4.660322006,0.452737117,2.208787313,0.452737117,-0.344153899
3,3,3,m6,m,Mixed-Populations,Population,0,51,197,23,532,3.808838769,5.598609947,0.680318652,1.469899433,0.680318652,-0.167287622
